gender,nationality,placeOfBirth,department,batch,semester,section,lastSemesterGradePoint,questionsAskInTheClassroom,questionsAskedInTheClassroom ,goThroughCourseMaterials,goThroughCourseMaterial,meetWithAcademicAdviser,groupStudyHours,studentAbsenceDays,parentsSatisfaction,educationStatusofParents,Class
M,Bangladesh,Dhaka,SWE,16,Summer,A,3.66,M,10,L,24,3,10,5,Yes,Above HSC,M
M,Bangladesh,Munshiganj,SWE,17,Summer,B,2.25,M,8,M,118,4,30,19,Yes,Above HSC,L
M,Bangladesh,Cumilla,SWE,17,Spring,A,3.25,M,5,M,12,2,4,2,Yes,HSC,L
F,Bangladesh,Dhaka,SWE,18,Summer,B,3.5,M,2,M,11,2,3,7,No,Above HSC,L
M,Bangladesh,Faridpur,SWE,26,Summer,A,3.88,M,30,M,80,6,5,7,Yes,Above HSC,M
F,Bangladesh,Dhaka,SWE,21,Summer,A,3.86,M,20,M,11,2,3,3,Yes,HSC,M
M,Bangladesh,Narayanganj,SWE,19,Summer,D,3.37,L,5,M,20,1,10,11,No,SSC,L
M,Bangladesh,Sunamganj,SWE,20,Summer,A,3.88,M,50,M,50,4,10,4,Yes,Above HSC,H
F,Bangladesh,Dhaka,SWE,20,Summer,A,3.6,M,60,M,55,2,10,17,Yes,Above HSC,L
M,Bangladesh,Chandpur,SWE,26,Summer,A,2.31,L,10,M,20,4,5,3,Yes,Above HSC,M
M,Bangladesh,Dhaka,SWE,19,Summer,A,3.83,L,5,H,30,2,15,3,Yes,Above HSC,M
M,Bangladesh,Dhaka,SWE,23,Spring,A,3.77,M,50,M,33,2,1,3,Yes ,Above HSC,H
M,Bangladesh,Jessore,SWE,26,Summer,A,4,L,25,H,13,1,7,3,Yes,Above HSC,M
M,Bangladesh,Narayanganj,SWE,23,Summer,B,4,M,50,H,60,1,0,0,Yes,SSC,H
F,Bangladesh,Cumilla,SWE,17,Summer,B,3.88,M,40,M,119,2,5,1,Yes,Above HSC,H
M,Bangladesh,Dhaka,SWE,21,Summer,A,2.9,M,25,M,80,1,10,20,Yes,Above HSC,L
M,Bangladesh,Barisal ,SWE,21,Fall,A,3.17,M,20,M,16,2,8,1,Yes,HSC,M
M,Bangladesh,Dhaka ,SWE,23,Summer,B,3.75,H,25,H,84,2,16,0,Yes,Above HSC,H
M,Bangladesh,Dhaka,SWE,18,Fall,A,3.83,M,3,L,60,3,9,8,Yes,Above HSC,L
M,Bangladesh,Bogra,SWE,23,Summer,B,4,M,40,M,50,4,10,1,No,SSC,H
M,Bangladesh,Natore,SWE,21,Fall,A,2.98,M,30,M,30,1,5,7,Yes,Above HSC,L
M,Bangladesh,Ishurdi,SWE,21,Summer,B,3.73,L,15,M,45,1,6,9,Yes,Above HSC,L
M,Bangladesh,Dhaka,SWE,23,Summer,B,3.57,M,60,M,12,1,10,7,Yes,Above HSC,L
M,Bangladesh,Manikgonj,SWE,17,Summer,A,3.21,M,25,M,16,1,5,5,Yes,Above HSC,M
M,Bangladesh,Manikgonj,SWE,23,Summer,C,3.95,M,60,M,20,1,15,5,Yes,HSC,M
M,Bangladesh,Dhaka,SWE,25,Summer,B,3.17,M,30,L,11,0,4,3,Yes,Above HSC,M
F,Bangladesh,Dhaka,SWE,25,Summer,A,3.37,L,0,M,11,3,5,0,No,SSC,L
M,Bangladesh,Barisal ,SWE,26,Summer,A,3.17,M,30,M,20,2,10,3,Yes,Above HSC,M
M,Bangladesh,Noakhali,SWE,25,Summer,B,3.5,M,25,M,40,4,16,2,No,Above HSC,M
F,Bangladesh,Mymensing,SWE,21,Summer,A,3.57,M,15,M,20,3,10,5,Yes,Above HSC,L
F,Bangladesh,Barisal,SWE,23,Summer,C,4,M,50,M,32,2,8,4,Yes,HSC,M
M,Bangladesh,Madaripur,SWE,19,Spring,C,3.33,M,25,M,32,5,15,5,Yes,Above HSC,M
F,Bangladesh,Gaibandha,SWE,25,Summer,B,3.94,M,25,H,30,1,3,2,Yes,Above HSC,M
M,Bangladesh,Noakhali,SWE,22,Summer,C,3.88,M,15,M,20,5,5,4,Yes,SSC,M
M,Bangladesh,Satkhira,SWE,22,Spring,A,3.61,M,20,M,12,1,1,2,Yes,Above HSC,M
M,Bangladesh,Meherpur,SWE,21,Summer,A,4,M,35,M,13,5,1,0,Yes,Above HSC,M
M,Bangladesh,Cumilla,SWE,21,Spring,B,3.45,M,20,M,50,3,20,11,Yes,HSC,L
M,Bangladesh,Gaibandha,SWE,23,Summer,A,3.14,M,40,M,105,2,30,4,Yes,Above HSC,H
M,Bangladesh,Natore,SWE,28,Summer,C,3.85,M,25,M,10,2,5,1,Yes,Above HSC,M
M,Bangladesh,Narshingdi,SWE,28,Spring,B,3.55,M,35,H,90,4,20,7,Yes,HSC,M
M,Bangladesh,Dhaka,SWE,28,Summer,B,3.94,M,20,M,30,0,6,2,No,Above HSC,M
M,Bangladesh,Rangpur ,SWE,28,Summer,C,3.25,M,15,M,10,0,3,7,Yes,Above HSC,L
M,Bangladesh,Dhaka,SWE,19,Summer,e,3.25,M,10,M,12,4,5,2,Yes,Above HSC,M
M,Bangladesh,Rangpur ,SWE,28,Summer,C,3.25,M,15,M,10,0,3,7,Yes,Above HSC,L
M,Bangladesh,Faridpur,SWE,28,Summer,E,3.42,M,10,M,12,1,3,2,Yes,HSC,M
M,Bangladesh,Dhaka,SWE,19,Summer,E,3.25,M,10,M,19,3,4,2,Yes,Above HSC,M
M,Bangladesh,Chandpur,SWE,28,Summer,C,3.73,H,17,H,18,0,15,1,Yes,Above HSC,M
F,Bangladesh,Dhaka,SWE,28,Spring,C,3.05,M,20,M,12,1,2,18,Yes,Above HSC,L
F,Bangladesh,Bangladesh ,SWE,28,Summer,D,3.27,L,10,M,10,0,10,2,Yes,SSC,M
M,Bangladesh,Tangail,SWE,21,Summer,A,2.82,M,0,H,15,3,5,0,Yes,HSC,L
M,Bangladesh,Khulna,SWE,22,Summer,A,3.5,M,25,M,17,4,4,2,Yes,Above HSC,M
M,Bangladesh,Gaibandha,SWE,28,Summer,C,2.9,M,20,M,13,1,10,15,No,Above HSC,L
M,Bangladesh,Joypurhat ,SWE,28,Summer,B,3.5,M,15,H,20,2,5,1,Yes,Above HSC,M
F,Bangladesh,Faridpur,SWE,28,Summer,B,3.27,M,5,M,13,1,3,4,Yes,Above HSC,L
M,Bangladesh,Feni,SWE,21,Summer,A,3.66,M,25,M,50,1,30,2,Yes,Above HSC,M
M,Bangladesh,Chittagong,SWE,21,Summer,B,2.52,M,20,H,111,6,22,11,Yes,HSC,L
M,Bangladesh,Bogra,SWE,18,Fall,A,2.5,M,10,M,50,5,10,9,Yes,Above HSC,L
M,Bangladesh,Dhaka ,SWE,21,Summer,A,4,M,30,L,90,3,30,0,Yes,HSC,H
M,Bangladesh,Savar,SWE,21,Summer,B,2.79,L,30,M,12,2,5,12,Yes ,Above HSC,L
M,Bangladesh,Natore,SWE,20,Summer,B,4,H,50,M,99,1,4,0,Yes,Above HSC,H
M,Bangladesh,Palash,SWE,21,Summer,A,2.8,M,30,M,117,2,40,3,Yes,Above HSC,H
M,Bangladesh,Dhaka,SWE,22,Summer,E,3.04,L,2,L,20,1,5,3,No,HSC,M
F,Bangladesh,Kushtia,SWE,21,Summer,B,2.38,M,5,M,20,3,10,7,Yes,HSC,M
M,Bangladesh,Gaibandha,SWE,17,Summer,B,3.38,M,20,M,50,2,12,2,Yes,Above HSC,H
F,Bangladesh,Sylhet,SWE,28,Summer,B,3.37,M,20,M,70,1,4,4,Yes,Above HSC,H
M,Bangladesh,Cumilla,SWE,21,Summer,B,4,H,50,M,103,1,10,1,Yes,SSC,H
M,Bangladesh,Narayanganj,SWE,21,Summer,B,3.82,M,20,M,59,3,15,2,Yes,Above HSC,H
F,Bangladesh,Rajshahi,SWE,28,Summer,B,3.56,M,20,M,24,0,12,0,Yes,Above HSC,H
M,Bangladesh,Lalmonirhat ,SWE,28,Summer,C,3.29,M,9,M,20,0,13,7,Yes,Above HSC,M
M,Bangladesh,Maymensingh,SWE,19,Spring,B,2.2,M,20,M,12,4,3,7,No,Above HSC,M
M,Bangladesh,Rajshahi,SWE,19,Summer,B,4,M,60,M,50,1,5,1,No,HSC,H
M,Bangladesh,Dhaka,SWE,19,Summer,A,3.37,M,25,M,24,2,8,7,Yes,Above HSC,M
F,Bangladesh,Magura,SWE,19,Summer,C,3.5,H,30,H,60,4,48,10,Yes,SSC,L
M,Bangladesh,Rangpur,SWE,19,Summer,d,4,H,50,M,11,1,15,20,No,Above HSC,L
M,Bangladesh,Narail,SWE,19,Summer,B,3.72,M,40,L,10,1,0,2,Yes,Above HSC,M
M,Bangladesh,Rajshahi,SWE,19,Summer,B,3.73,H,50,H,114,1,3,1,Yes,Above HSC,H
M,Bangladesh,Kushtia,SWE,22,Summer,A,4,H,25,M,30,2,0,0,Yes,Above HSC,H
M,Bangladesh,Jamalpur,SWE,19,Summer,B,3.1,M,30,L,12,5,5,1,No,Above HSC,M
M,Bangladesh,Dhaka,SWE,16,Summer,B,2.5,M,5,M,16,7,3,11,Yes,Above HSC,L
F,Bangladesh,Narsingdi ,SWE,21,Summer,A,2.8,M,20,M,107,2,30,12,Yes,Above HSC,L
M,Bangladesh,Barisal,SWE,19,Summer,B,3.46,M,20,M,108,2,4,10,No,Above HSC,L
M,Bangladesh,Dhaka ,SWE,19,Summer,A,4,H,40,H,13,2,0,8,Yes,Above HSC,M
M,Bangladesh,Cumilla,SWE,19,Summer,C,4,H,60,H,84,6,40,2,Yes,SSC,H
M,Bangladesh,Bogra,SWE,19,Summer,A,2.5,M,26,M,20,5,12,4,No,Above HSC,M
M,Bangladesh,Pabna,SWE,19,Summer,B,3.33,H,20,H,70,1,35,4,Yes,Above HSC,H
M,Bangladesh,Dhaka,SWE,22,Summer,D,4,M,30,M,109,5,25,1,Yes,SSC,H
M,Bangladesh,Barisal ,SWE,20,Summer,A,2,L,0,L,15,1,2,10,No,Above HSC,L
M,Bangladesh,Sirajgonj,SWE,23,Summer,A,3.68,M,30,H,17,4,12,2,Yes,Above HSC,M
M,Bangladesh,Natore,SWE,19,Summer,C,3.03,M,17,M,12,4,3,12,No,Above HSC,L
M,Bangladesh,Bogra,SWE,21,Summer,B,3.73,M,40,M,50,3,40,0,Yes,SSC,H
F,Bangladesh,Pabna,SWE,21,Summer,B,3.02,H,25,M,90,5,7,2,Yes,HSC,H
M,Bangladesh,Dhaka,SWE,21,Fall,B,3.2,M,20,M,19,2,3,5,Yes,Above HSC,M
M,Bangladesh,Thakurgaon ,SWE,19,Spring,A,3.07,M,20,M,12,5,10,5,Yes,Above HSC,M
F,Bangladesh,Dhaka,SWE,16,Summer,A,3.6,M,10,M,30,2,5,8,Yes,Above HSC,M
F,Bangladesh,Netrokona ,SWE,19,Summer,B,3.81,M,15,M,75,1,0,5,No,Above HSC,M
M,Bangladesh,Joypurhat ,SWE,16,Summer,B,2.86,M,10,M,20,5,15,17,Yes,SSC,L
M,Bangladesh,Dhaka,SWE,21,Summer,B,2.93,M,20,M,90,1,20,15,Yes,Above HSC,L
F,Bangladesh,Rangpur,SWE,19,Summer,B,3.4,M,20,M,24,1,3,4,Yes,Above HSC,M
M,Bangladesh,Chandpur,SWE,21,Summer,B,3.95,M,15,M,80,1,0,5,Yes,HSC,H
M,Bangladesh,Kushtia,SWE,19,Summer,D,4,M,12,M,16,2,6,0,Yes,Above HSC,M
M,Bangladesh,Lakshmipur,SWE,19,Summer,c,3,M,20,M,14,4,6,7,Yes,SSC,M
M,Bangladesh,Lakshmipur,SWE,19,Summer,c,3,M,20,M,16,4,6,7,Yes,SSC,M
F,Bangladesh,Thakurgaon ,SWE,25,Summer,B                 ,3.35,M,20,M,30,2,10,7,Yes,Above HSC,M
M,Bangladesh,Rangpur,SWE,25,Summer,B,3.77,M,30,M,10,1,1,11,Yes,Above HSC,L
M,Bangladesh,Rajshahi,SWE,25,Summer,B,3.54,M,30,M,17,1,1,5,Yes,Above HSC,M
M,Bangladesh,Dhaka,SWE,25,Summer,B,3.62,M,22,M,88,2,45,6,Yes,Above HSC,M
M,Bangladesh,Naogaon,SWE,28,Summer,C,3.75,H,15,M,80,0,20,2,Yes,Above HSC,H
F,Bangladesh,Noakhali ,SWE,28,Summer,B,3.56,M,15,M,15,2,17,4,Yes,HSC,M
M,Bangladesh,Maymensingh,SWE,28,Summer,E,3.62,L,10,M,90,2,20,5,Yes,SSC,H
M,Bangladesh,Lakshmipur,SWE,28,Summer,D,3.72,L,11,M,10,0,0,5,Yes,Above HSC,M
F,Bangladesh,Jhenidah ,SWE,21,Fall,A,3.5,M,10,M,70,1,15,5,Yes,Above HSC,H
M,Bangladesh,Thakurgaon ,SWE,25,Summer,B,3,M,15,M,13,0,3,12,No,Above HSC,L
M,Bangladesh,Dhaka,SWE,26,Summer,A,2.87,M,20,M,40,5,10,0,Yes,HSC,H
F,Bangladesh,Faridpur,SWE,21,Summer,B,2,M,20,M,14,4,3,7,No,Above HSC,M
F,Bangladesh,Narayanganj,SWE,26,Summer,A,1.92,L,15,M,30,5,10,19,No,Above HSC,L
M,Bangladesh,Manikgonj,SWE,19,Summer,A,3.93,M,5,H,15,3,6,2,Yes,SSC,L
F,Bangladesh,ChapaiNawabgonj,SWE,19,Summer,D,2.67,L,20,L,14,6,12,4,No,Above HSC,M
M,Bangladesh,Noakhali,SWE,25,Summer,B,3.42,M,15,M,60,2,6,0,Yes,Above HSC,H
M,Bangladesh,Natore,SWE,21,Summer,B,3,M,45,M,17,5,5,0,Yes,HSC,M
M,Bangladesh,Dhaka,CSE,46,Summer,H,3.75,L,20,M,99,2,0,7,Yes,SSC,M
F,Bangladesh,Cumilla,SWE,25,Summer,B,3.21,M,15,M,50,1,3,3,No,SSC,H
M,Bangladesh,Natore,SWE,21,Summer,B,3,M,40,M,19,5,7,0,Yes,HSC,H
M,Bangladesh,Cumilla,SWE,17,Spring,A,3,L,20,M,14,4,8,2,Yes,Above HSC,M
M,Bangladesh,Jessore,SWE,28,Summer,B,3.37,M,25,M,10,4,5,5,Yes,SSC,M
M,Bangladesh,Sakhipur,SWE,19,Summer,D,3.3,M,30,M,15,1,7,20,Yes,Above HSC,L
F,Bangladesh,Barishal ,SWE,21,Summer,A,2.9,M,20,M,14,4,3,13,Yes,Above HSC,L
M,Bangladesh,Rajshahi,MCT,22,Summer,B,3.6,M,21,M,25,9,1,3,Yes,Above HSC,M
M,Bangladesh,Rajshahi,CSE,46,Summer,H,3.6,H,20,M,11,0,0,18,No,Above HSC,L
F,Bangladesh,Rajshahi,CSE,46,Summer,H,2.65,M,22,M,16,1,4,5,Yes,Above HSC,L
M,Bangladesh,Dhaka,CSE,46,Summer,H,3.3,H,50,H,120,3,0,9,Yes,Above HSC,M
F,Bangladesh,Sirajgonj,CSE,46,Summer,H,3.91,M,25,M,75,4,10,5,Yes,Above HSC,H
F,Bangladesh,Dhaka,CSE,46,Summer,H,3.23,M,20,M,99,3,14,5,No,Above HSC,M
M,Bangladesh,Dhaka,CSE,46,Summer,H,3.6,H,25,H,30,6,10,0,Yes,Above HSC,H
F,Bangladesh,Sylhet,CSE,46,Summer,H,3.75,M,10,M,11,1,3,3,Yes,HSC,L
M,Bangladesh,Tangail,CSE,46,Summer,H,3.54,M,30,M,40,3,15,6,Yes,Above HSC,M
F,Bangladesh,Dhaka,CSE,46,Summer,H,4,M,30,H,50,3,15,6,Yes,Above HSC,M
M,Bangladesh,Dhaka,CSE,46,Summer,H,3.55,M,50,M,15,5,5,3,Yes,Above HSC,M
M,Bangladesh,Meherpur,CSE,46,Summer,H,3.69,M,15,M,50,4,10,5,Yes,Above HSC,M
F,Bangladesh,Kurigram,SWE,23,Summer,B,3.88,M,30,M,14,2,3,3,Yes,Above HSC,M
M,Bangladesh,Dhaka,MCT,22,Summer,A,3.26,H,7,H,21,6,2,11,Yes,HSC,L
M,Bangladesh,Cumilla,MCT,22,Summer,B,3.75,M,15,M,10,3,5,4,Yes,Above HSC,L
F,Bangladesh,Cumilla,MCT,22,Spring,A,3.88,M,18,L,13,0,0,2,Yes,HSC,M
M,Bangladesh,Shatkhira,MCT,22,Summer,A,3.37,L,0,L,13,0,0,2,Yes,HSC,L
M,Bangladesh,Narayanganj,MCT,22,Summer,A,3.4,M,25,M,40,4,0,5,Yes,Above HSC,M
M,Bangladesh,Cumilla,CSE,46,Summer,H,3.68,M,25,M,114,5,10,4,Yes,SSC,H
M,Bangladesh,Cox's Bazar,SWE,28,Summer,D,3.83,M,10,H,13,0,6,1,Yes,Above HSC,M
M,Bangladesh,Ashuganj ,SWE,19,Summer,D,3.44,M,30,M,25,0,18,0,No,Above HSC,M
F,Bangladesh,Natore,CSE,47,Summer,E,3.38,M,35,M,40,4,5,4,Yes,Above HSC,M
M,Bangladesh,Joypurhat,SWE,35,Summer,D,2.15,M,15,M,20,4,4,7,Yes,HSC,L
M,Bangladesh,Khulna,CSE,47,Summer,E,4,M,40,L,60,3,40,2,Yes,SSC,H
M,Bangladesh,Brahmanbariya,CSE,47,Summer,E,3.79,L,40,M,13,3,4,6,Yes,Above HSC,L
M,Bangladesh,Magura,CSE,47,Summer,E,3.4,L,20,M,32,1,10,4,No,HSC,M
M,Bangladesh,Maymensingh,CSE,47,Summer,E,3.09,L,15,M,10,2,4,2,No,Above HSC,M
M,Bangladesh,Kishoreganj,CSE,47,Fall,E,3.45,M,23,L,10,1,8,4,No,Above HSC,M
M,Bangladesh,Maymensingh,CSE,47,Summer,E,3,M,14,M,14,1,12,6,No,Above HSC,L
M,Bangladesh,Narayanganj,CSE,47,Summer,50,3.18,H,50,H,75,4,32,12,No,HSC,L
M,Bangladesh,Jessore,CSE,47,Summer,E,3.81,M,20,M,75,4,8,0,Yes,Above HSC,H
M,Bangladesh,Hobiganj,CSE,47,Summer,E,2.75,M,20,M,11,0,6,0,No,Above HSC,M
M,Bangladesh,Bhola,CSE,47,Fall,E,3.44,M,10,M,20,1,10,10,Yes,Above HSC,L
M,Bangladesh,Bhola,CSE,47,Fall,E,3.75,H,24,L,10,1,6,5,No,Above HSC,M
M,Bangladesh,Rajshahi,CSE,47,Summer,E,3.23,M,15,M,20,2,15,5,No,Above HSC,M
F,Bangladesh,Satkhira,SWE,20,Summer,B,3.35,M,2,M,13,1,5,5,Yes,HSC,M
F,Bangladesh,Kishoreganj,SWE,25,Summer,B,2.97,H,5,M,12,1,4,3,No,HSC,M
F,Bangladesh,Kishoreganj,SWE,19,Summer,B,4,H,20,H,50,2,30,2,Yes,SSC,H
M,Bangladesh,Dhaka,CSE,46,Spring,E,3.02,L,0,L,10,1,3,2,No,Above HSC,L
F,Bangladesh,Dhaka,SWE,25,Summer,b,3.92,M,10,M,10,2,5,5,No,HSC,L
M,Bangladesh,Barisal ,SWE,21,Summer,A,3.69,M,5,M,12,1,2,3,Yes,HSC,M
M,Bangladesh,Sirajgonj,CSE,47,Summer,E,3.08,M,8,M,18,1,4,4,No,HSC,L
M,Bangladesh,Cumilla,CSE,47,Summer,E,3.94,H,20,M,80,3,60,6,Yes,Above HSC,M
F,Bangladesh,Bhola,CSE,47,Summer,E,3,M,30,M,20,0,2,4,No,Above HSC,M
M,Bangladesh,Panchagarh,CSE,47,Summer,E,3.94,M,25,M,15,2,2,7,Yes,HSC,L
F,Bangladesh,Maymensingh,CSE,47,Summer,E,3.32,M,2,M,10,0,1,0,Yes,Above HSC,L
M,Bangladesh,Dhaka,CSE,47,Summer,E,3.32,M,20,M,10,2,4,2,No,Above HSC,L
F,Bangladesh,Narayanganj,CSE,47,Summer,E,2.95,M,35,M,42,5,40,21,No,HSC,L
M,Bangladesh,Monohandi,CSE,47,Summer,E,3.23,M,14,L,15,0,3,0,Yes,SSC,M
M,Bangladesh,Laxmipur,SWE,19,Summer,A,3.33,H,40,M,33,5,3,20,No,HSC,L
M,Nigeria,Harardheere,SWE,18,Summer,B,3.2,L,0,H,30,1,0,5,Yes,HSC,L
M,Bangladesh,Joypurhat,SWE,19,Summer,B,3.07,H,20,M,18,7,10,3,Yes,Above HSC,M
M,Bangladesh,Pirojpur,CSE,47,Summer,E,3.48,M,10,M,25,2,2,0,Yes,Above HSC,M
M,Bangladesh,Magura,CSE,47,Summer,E,3.75,M,20,M,25,5,3,2,Yes,HSC,M
M,Bangladesh,Panchagarh,CSE,47,Summer,E,2.75,M,15,M,10,2,6,12,Yes,Above HSC,L
M,Bangladesh,Cumilla,CSE,47,Summer,E,3.85,H,20,M,20,3,10,2,Yes,Above HSC,M
M,Bangladesh,Bhola,CSE,47,Summer,E,3,H,0,L,15,0,6,3,No,Above HSC,L
F,Bangladesh,Brahmanbariya,CSE,47,Summer,E,3.68,L,0,L,12,2,2,0,Yes,Above HSC,L
M,Bangladesh,Madaripur,CSE,43,Summer,P,3,M,3,H,15,2,2,5,Yes,HSC,L
F,Bangladesh,Noakhali,CSE,49,Summer,E,3.16,M,17,M,13,3,3,2,Yes,Above HSC,M
M,Bangladesh,Borisal,CSE,49,Summer,E,3.41,M,25,M,15,2,4,9,No,SSC,L
M,Bangladesh,Jhenaidah,CSE,49,Summer,E,3.32,M,25,M,25,1,2,8,No,SSC,L
M,Bangladesh,Kushtia,SWE,28,Summer,B,3.62,M,40,M,13,0,5,2,No,Above HSC,M
F,Bangladesh,Bogra,CSE,49,Summer,E,2.86,M,50,L,12,1,0,0,No,HSC,M
F,Bangladesh,Khulna,CSE,49,Summer,E,3.68,M,50,L,20,7,8,10,Yes,Above HSC,L
F,Bangladesh,Dhaka,CSE,49,Summer,E,3.77,M,10,M,20,7,0,4,Yes,HSC,M
F,Bangladesh,Dhaka,CSE,49,Summer,E,2.93,M,25,M,30,2,4,5,No,HSC,M
M,Bangladesh,Srirajgonj,CSE,49,Summer,E,3.47,L,15,M,20,1,5,3,Yes,Above HSC,M
F,Bangladesh,Dhaka,CSE,49,Summer,E,3.13,M,22,M,20,1,3,5,No,HSC,M
F,Bangladesh,Cumilla,CSE,49,Summer,E,3.93,M,20,M,20,1,10,2,Yes,Above HSC,M
M,Bangladesh,Sylhet,CSE,43,Summer,P,3.75,L,25,M,60,0,6,3,Yes,SSC,M
M,Bangladesh,Dhaka,CSE,49,Summer,E,3.29,M,25,L,50,0,4,13,Yes,Above HSC,L
M,Bangladesh,Jhenidah ,CSE,49,Summer,E,3.55,M,50,M,30,7,4,5,Yes,HSC,M
M,Bangladesh,Sirajgonj,CSE,43,Summer,E,2.52,L,20,M,15,0,1,3,Yes,SSC,M
M,Bangladesh,Rajshahi,CSE,49,Summer,E,3.79,H,20,M,50,4,0,0,Yes,Above HSC,H
F,Bangladesh,Cumilla,CSE,49,Summer,E,3.29,L,9,M,50,1,0,0,Yes,HSC,H
M,Bangladesh,Madaripur,CSE,49,Summer,E,3.2,M,10,M,70,5,50,6,Yes,Above HSC,H
F,Bangladesh,Cumilla,CSE,49,Summer,E,3.93,M,15,M,35,2,22,0,Yes,Above HSC,H
M,Bangladesh,Dhaka,CSE,49,Summer,E,2.8,M,10,M,13,0,3,2,No,Above HSC,M
M,Bangladesh,Dhaka ,CSE,49,Summer,E,3.15,M,15,M,75,1,30,6,Yes,HSC,M
M,Bangladesh,Dhaka,CSE,49,Summer,E,3.23,M,10,M,80,2,0,2,No,Above HSC,M
M,Bangladesh,Jessore,CSE,49,Summer,E,3.27,M,30,L,20,1,12,4,No,Above HSC,M
M,Bangladesh,Faridpur,CSE,49,Summer,E,3,L,10,M,15,1,10,4,Yes,Above HSC,M
M,Bangladesh,Faridpur,CSE,49,Summer,E,3.32,M,11,M,15,1,3,4,Yes,Above HSC,M
M,Bangladesh,Rajshahi,CSE,49,Summer,E,3.05,L,10,L,18,2,3,5,No,HSC,L
M,Bangladesh,Gopalgonj,CSE,49,Summer,E,3.89,L,9,L,12,1,0,0,Yes,HSC,M
M,Bangladesh,Bhola,CSE,49,Summer,E,3.73,H,17,M,12,5,8,2,Yes,Above HSC,M
M,Bangladesh,Maymensingh,CSE,49,Summer,E,3.13,M,25,M,12,3,5,4,Yes,Above HSC,L
M,Bangladesh,Dhaka,CSE,49,Summer,E,3.5,M,50,M,60,4,17,2,Yes,Above HSC,H
M,Bangladesh,Sylhet,CSE,52,Summer,E,3.43,M,40,M,75,4,18,1,Yes,Above HSC,H
M,Bangladesh,Rajshahi,CSE,52,Summer,E,3.58,M,30,M,40,3,14,0,Yes,Above HSC,H
F,Bangladesh,Dhaka,CSE,52,Summer,E,3.98,M,50,M,50,1,8,0,Yes,SSC,H
M,Bangladesh,Feni,CSE,52,Summer,E,3.12,M,50,M,45,3,18,1,Yes,Above HSC,H
M,Bangladesh,Feni,CSE,52,Summer,E,3.3,M,40,M,50,5,16,2,Yes,Above HSC,H
M,Bangladesh,Feni,CSE,46,Summer,T,4,M,25,H,60,0,20,2,Yes,Above HSC,H
F,Bangladesh,Bangalhalia,CSE,49,Summer,T,3.64,M,20,M,20,3,10,4,Yes,HSC,H
M,Bangladesh,Sutrapur,CSE,49,Summer,T,3.48,M,35,M,12,0,5,8,Yes,SSC,L
M,Bangladesh,Jessore,CSE,49,Summer,E,3.19,M,19,M,30,5,4,6,No,Above HSC,M
F,Bangladesh,Shariatpur,CSE,52,Summer,T,2.94,L,7,M,13,0,3,1,Yes,HSC,L
F,Bangladesh,Munshiganj,CSE,52,Summer,T,4,M,30,H,10,1,5,4,Yes,HSC,L
F,Bangladesh,Bariyerhat,CSE,46,Summer,T,3.52,M,22,M,15,5,8,2,Yes,Above HSC,M
M,Bangladesh,Gopalganj,CSE,46,Summer,T,3.47,M,30,H,35,1,8,3,Yes,Above HSC,H
F,Bangladesh,Munshiganj,SWE,28,Summer,B,3.38,M,10,M,18,5,1,1,Yes,SSC,M
M,Bangladesh,Gopalgonj ,SWE,28,Spring,B,3.37,M,30,M,13,3,2,0,Yes,HSC,M
M,Bangladesh,Gopalgonj ,SWE,28,Spring,B,3.37,M,30,M,14,3,2,0,Yes,HSC,M
F,Bangladesh,Goalundo,CSE,46,Summer,T,3.49,M,25,M,15,5,10,2,Yes,Above HSC,M
M,Bangladesh,Gazipur,CSE,46,Summer,T,3.68,M,5,M,30,1,2,1,Yes,SSC,M
M,Bangladesh,Tangail,CSE,46,Summer,T,2.75,H,25,H,90,2,15,9,Yes,SSC,M
F,Bangladesh,Thakurgaon ,CSE,52,Summer,T,3.65,M,20,M,15,4,5,3,No,Above HSC,M
M,Bangladesh,Bhola,CSE,40,Summer,T,3.64,M,30,M,11,2,3,4,Yes,SSC,L
F,Bangladesh,Panchagarh,CSE,46,Summer,T,3.33,M,21,M,14,2,5,4,Yes,Above HSC,L
M,Bangladesh,Lakxmipur,CSE,46,Spring,T,3.3,M,0,M,120,1,5,3,Yes,HSC,M
M,Bangladesh,Chandpur,CSE,46,Summer,T,3.94,M,30,H,10,2,10,2,Yes,SSC,M
M,Bangladesh,Rajshahi,CSE,50,Summer,T,3.27,M,15,M,30,1,5,10,Yes,SSC,L
M,Bangladesh,Bhola,CSE,46,Summer,T,4,H,50,M,40,0,10,2,Yes,Above HSC,H
M,Bangladesh,Meherpur,CSE,50,Summer,R,2.83,M,16,M,14,3,2,6,Yes,HSC,L
M,Bangladesh,Rangpur,CSE,52,Summer,R,2.89,M,25,L,10,2,4,14,Yes,Above HSC,L
M,Bangladesh,Chuadanga,CSE,46,Summer,R,3.2,M,25,M,14,5,8,8,Yes,Above HSC,L
M,Bangladesh,Rajshahi,CSE,46,Summer,R,3.5,M,20,M,14,0,0,3,Yes,HSC,M
M,Bangladesh,Monohardi,CSE,46,Summer,R,3.14,M,20,M,12,0,10,4,Yes,Above HSC,L
M,Bangladesh,Jessore,CSE,46,Summer,R,3.6,M,20,M,12,3,5,2,Yes,Above HSC,M
M,Bangladesh,Sherpur,CSE,47,Summer,F,3.34,M,30,H,18,5,8,12,Yes,Above HSC,L
M,Bangladesh,Lakshmipur,CSE,46,Summer,F,3.71,M,50,M,20,0,3,5,Yes,Above HSC,M
M,Bangladesh,Madaripur,CSE,50,Summer,F,2.45,M,20,M,20,3,0,4,No,SSC,M
F,Bangladesh,Rajshahi,CSE,47,Summer,F,4,H,30,M,40,3,8,2,Yes,Above HSC,H
F,Bangladesh,Maymensingh,CSE,47,Summer,F,3.77,H,30,M,40,2,8,4,Yes,Above HSC,H
M,Bangladesh,Jessore,CSE,47,Summer,F,2.7,M,40,M,30,3,10,10,No,Above HSC,L
F,Bangladesh,Bogra,SWE,28,Summer,C,3.33,H,25,M,15,3,7,2,Yes,Above HSC,M
M,Bangladesh,Monohardi ,SWE,28,Summer,B,3.02,M,15,M,85,2,20,9,Yes,Above HSC,M
M,Bangladesh,Khulna,SWE,12,Summer,C,2.6,M,23,M,100,5,50,20,Yes,Above HSC,L
M,Bangladesh,Rajshahi,CSE,50,Summer,F,3.23,M,20,M,40,0,8,3,No,Above HSC,H
M,Bangladesh,Cumilla,CSE,52,Summer,F,3.23,M,28,M,10,8,2,5,Yes,Above HSC,L
M,Bangladesh,Tangail,CSE,47,Summer,F,3.71,M,25,M,10,0,3,4,Yes,SSC,L
M,Bangladesh,Naogaon,CSE,52,Summer,F,3.25,M,45,M,117,1,15,2,No,Above HSC,H
M,Bangladesh,Rangpur,CSE,47,Summer,F,3.88,M,30,M,45,0,8,0,No,SSC,H
F,Bangladesh,Narsingdi,CSE,47,Summer,F,3.48,M,22,M,90,7,10,0,Yes,Above HSC,H
F,Bangladesh,Cumilla,CSE,47,Summer,F,3.9,H,28,M,30,2,10,3,Yes,SSC,M
F,Bangladesh,Munshiganj,CSE,47,Summer,F,3.62,M,35,M,25,2,5,10,Yes ,Above HSC,L
M,Bangladesh,Cumilla,CSE,47,Summer,F,3.77,M,20,M,15,0,5,11,Yes,HSC,L
M,Bangladesh,Rajshahi,CSE,52,Summer,F,3.71,H,23,M,35,2,9,4,Yes,Above HSC,M
M,Bangladesh,Chuadanga,SWE,21,Summer,A,4,H,50,M,120,2,15,3,Yes,Above HSC,H
M,Bangladesh,Pabna,MCT,22,Summer,F,3.29,M,20,M,10,3,3,3,Yes,Above HSC,L
F,Bangladesh,Dhaka,MCT,18,Summer,A,3.93,M,30,M,18,5,3,1,Yes,Above HSC,M
M,Bangladesh,Jhenaidah,MCT,18,Summer,A,3.88,H,55,H,10,4,6,5,Yes,Above HSC,L
M,Bangladesh,Dhaka,MCT,18,Summer,A,3.46,M,2,M,12,4,5,3,Yes,HSC,L
M,Bangladesh,Dhaka,MCT,18,Summer,A,2.89,H,15,M,15,1,10,3,No,Above HSC,L
M,Bangladesh,Dhaka,MCT,18,Summer,A,3.25,H,15,M,15,1,10,0,No,Above HSC,M
M,Bangladesh,Madaripur,MCT,18,Summer,A,2.98,M,30,M,15,1,2,0,Yes,HSC,M
F,Bangladesh,Gopalgonj,MCT,18,Summer,A,2.98,M,12,M,15,7,10,3,Yes,Above HSC,L
M,Bangladesh,Dhaka,MCT,18,Summer,A,3.5,M,20,M,40,5,10,3,Yes,SSC,M
M,Bangladesh,Faridpur,MCT,18,Summer,A,3.29,M,20,M,40,5,10,3,Yes,Above HSC,M
M,Bangladesh,Jhenaidah,SWE,18,Summer,B,3.95,L,10,M,15,2,5,12,Yes,SSC,L
M,Bangladesh,Tangail,SWE,17,Summer,D,3.05,M,45,M,10,3,3,8,No,Above HSC,L
M,Bangladesh,Panchagarh,SWE,22,Summer,B,3.82,M,55,M,14,2,2,4,Yes,SSC,L
M,Bangladesh,Narayanganj,SWE,23,Summer,B,3.42,M,20,M,30,1,25,4,Yes,SSC,M
F,Bangladesh,Gazipur,SWE,28,Summer,D,2.6,M,20,M,31,3,5,3,Yes,HSC,M
M,Bangladesh,Dhaka,SWE,14,Summer,B,3.55,M,60,M,20,1,10,4,Yes,Above HSC,L
M,Bangladesh,Nawabgonj,SWE,15,Summer,B,3.25,M,20,M,16,1,6,10,Yes,Above HSC,L
M,Bangladesh,Dhaka,SWE,16,Summer,B,2.75,M,20,M,25,4,10,15,No,HSC,L
M,Bangladesh,Dhaka,SWE,28,Summer,B,3.94,M,20,M,10,0,5,2,No,Above HSC,M
M,Bangladesh,Noakhali,SWE,28,Summer,B,3.79,L,5,L,10,3,4,3,Yes,Above HSC,L
M,Bangladesh,Dhaka,SWE,28,Summer,B,3.69,M,10,M,20,0,4,4,Yes,Above HSC,M
M,Bangladesh,Dhaka,SWE,28,Summer,B,3.83,L,4,L,10,1,7,0,No,SSC,L
M,Bangladesh,Chandpur,SWE,28,Summer,B,3.29,M,10,M,14,1,2,4,No,HSC,L
M,Bangladesh,Dhaka,SWE,28,Summer,B,3.48,M,12,M,15,0,2,0,Yes,Above HSC,M
F,Bangladesh,Munshiganj,SWE,28,Summer,B,3.38,L,20,M,10,4,0,0,Yes,HSC,M
F,Bangladesh,Rajshahi,SWE,28,Summer,B,3.56,M,20,M,10,0,0,0,Yes,Above HSC,M
F,Bangladesh,Cumilla,SWE,28,Summer,B,3.5,M,0,M,10,2,3,8,Yes,Above HSC,L
M,Bangladesh,Narayanganj,SWE,28,Summer,B,3.75,M,20,H,10,5,8,0,Yes,Above HSC,M
F,Bangladesh,Noakhali,SWE,28,Summer,B,3.56,M,20,M,15,0,4,3,Yes,Above HSC,L
M,Bangladesh,Bhola,SWE,28,Spring,B,3.31,M,5,M,50,3,40,1,Yes,Above HSC,H
F,Bangladesh,Maymensingh,SWE,28,Summer,B,3.29,M,3,M,17,0,2,1,Yes,Above HSC,L
F,Bangladesh,Faridpur,SWE,28,Summer,B,3.27,M,8,M,13,4,3,3,Yes,Above HSC,L
M,Bangladesh,Dhaka,SWE,29,Summer,B,3.75,M,0,M,13,0,2,10,Yes,Above HSC,L
M,Bangladesh,Bhola,SWE,28,Summer,B,3.75,L,0,H,13,0,2,14,Yes,Above HSC,L
F,Bangladesh,Laxmipur,SWE,28,Summer,B,3.69,L,12,M,11,2,3,3,No,Above HSC,L
F,Bangladesh,Cumilla,SWE,28,Summer,B,3.71,L,12,M,13,1,3,3,No,HSC,L
F,Bangladesh,Sylhet,SWE,28,Summer,B,3.35,M,0,M,10,2,5,1,Yes,Above HSC,L
M,Bangladesh,Feni,ESDM,11,Summer,B,2.35,L,22,M,30,2,0,12,Yes,Above HSC,L
M,Bangladesh,Dhaka,ESDM,20,Summer,A,3.94,M,80,M,60,1,0,13,Yes,Above HSC,L
M,Bangladesh,Rangpur,ESDM,28,Summer,A,3.75,L,10,L,16,3,2,12,Yes,Above HSC,L
M,Bangladesh,Bhola,ESDM,19,Fall,A,3.94,M,30,M,10,2,2,7,Yes,Above HSC,L
M,Bangladesh,Dhaka,ESDM,16,Summer,A,2.75,M,30,M,10,2,2,7,Yes,Above HSC,L
M,Somalia,Bosasosomalia,ESDM,16,Summer,D,3.9,M,20,M,12,2,1,2,Yes,Above HSC,M
F,Bangladesh,Dhaka,ESDM,20,Summer,A,3.29,M,28,M,12,5,0,10,No,Above HSC,L
M,Somalia,Bosasosomalia,ESDM,21,Summer,D,3.8,M,3,M,15,1,14,1,Yes,Above HSC,L
M,Bangladesh,Madaripur,SWE,28,Summer,E,3.15,M,19,M,20,5,6,9,No,SSC,L
M,Somalia,Mogadishu,ESDM,21,Summer,D,3.37,M,0,M,2,2,0,0,Yes,Above HSC,L
M,Somalia,Mogadishu,ESDM,20,Summer,A,3.88,M,16,M,64,3,6,7,Yes,SSC,M
M,Somalia,Mogadishu,ESDM,20,Summer,A,3.88,M,20,H,14,2,0,3,Yes ,HSC,L
M,Somalia,Saraagrejrr,ESDM,20,Spring,A,3.9,M,20,M,70,7,10,3,Yes,Above HSC,H
M,Bangladesh,Tangail,SWE,28,Summer,B,3.71,M,15,M,30,1,20,5,Yes,Above HSC,M
M,Bangladesh,Bogra,ESDM,21,Summer,A,4,M,10,M,32,1,0,7,Yes,Above HSC,L
M,Bangladesh,Rajbari,MCT,21,Summer,A,3.44,L,25,M,100,7,2,6,Yes,HSC,H
M,Bangladesh,Sylhet,MCT,22,Summer,A,2.45,H,10,M,15,1,2,3,Yes,Above HSC,L
F,Bangladesh,Manikgonj,MCT,22,Summer,A,3.38,L,11,M,13,5,3,2,Yes,SSC,M
F,Bangladesh,Madaripur,MCT,22,Summer,A,2.88,M,0,M,16,5,3,7,Yes,HSC,L
M,Bangladesh,Dhaka,MCT,22,Summer,H,3.4,M,11,M,10,5,0,15,No,Above HSC,L
F,Bangladesh,Magura,MCT,19,Summer,A,3.85,H,20,M,15,7,7,0,Yes,Above HSC,M
F,Bangladesh,Maymensingh,MCT,22,Summer,A,3.92,M,15,M,15,4,3,0,Yes,Above HSC,M
F,Bangladesh,Dhaka,MCT,22,Summer,A,3.65,M,20,M,13,5,1,3,Yes,Above HSC,L
M,Bangladesh,Chittagong,MCT,19,Summer,A,3.63,M,15,M,17,7,9,5,Yes,Above HSC,L
F,Bangladesh,Chittagong,MCT,22,Summer,A,3.62,M,10,M,12,5,2,8,Yes,HSC,L
M,Bangladesh,Narayanganj,MCT,22,Summer,A,3.4,M,15,M,20,1,5,3,Yes,Above HSC,M
M,Bangladesh,Noakhali,MCT,22,Summer,A,3.56,M,15,M,20,7,4,6,Yes ,HSC,L
M,Bangladesh,Dhaka,MCT,22,Summer,A,4,H,40,M,24,7,10,2,Yes,Above HSC,M
M,Bangladesh,Dhaka,MCT,22,Summer,A,3.75,H,25,M,24,5,10,8,Yes,SSC,M
M,Bangladesh,Gaibandha,SWE,27,Fall,E,3.1,M,21,M,30,3,5,3,Yes,Above HSC,H
M,Bangladesh,Rangpur,SWE,28,Spring,C,3.21,M,40,M,100,2,3,2,Yes,SSC,H
F,Bangladesh,Manikgonj,SWE,18,Fall,A,3.3,L,10,L,18,6,15,11,Yes,Above HSC,L
F,Bangladesh,Manikgonj,SWE,17,Spring,A,3.23,M,20,M,30,4,26,12,Yes,HSC,L
F,Bangladesh,Tangail,SWE,18,Summer,D,2.96,L,10,L,16,2,6,11,Yes,SSC,L
F,Bangladesh,Shariatpur,SWE,21,Summer,C,3,L,8,M,19,3,3,1,Yes,HSC,L
M,Bangladesh,Jessore,MCT,21,Summer,A,3.19,M,16,M,30,5,7,3,No,Above HSC,M
F,Bangladesh,Cumilla,MCT,20,Summer,B,3.1,M,27,M,20,1,3,5,No,HSC,M
F,Bangladesh,Rajshahi,SWE,22,Summer,E,3.05,H,10,L,15,1,6,9,No,Above HSC,L
M,Bangladesh,Bogra,MCT,23,Summer,E,2.8,M,15,M,20,2,16,10,Yes,Above HSC,L
F,Bangladesh,Munshiganj,SWE,19,Fall,E,3.2,M,15,M,20,2,15,5,No,Above HSC,L
F,Bangladesh,Rangpur,SWE,26,Fall,D,3.03,L,0,L,17,1,3,2,No,Above HSC,M
F,Bangladesh,Bogra,SWE,21,Spring,C,2.9,M,50,L,12,1,0,0,No,HSC,M
F,Bangladesh,Narayanganj,SWE,25,Spring,A,3.42,M,15,M,50,1,5,3,Yes,Above HSC,H
F,Bangladesh,Madaripur,SWE,25,Summer,A,2.7,M,6,M,13,3,10,7,Yes,SSC,L
F,Bangladesh,Dhaka,SWE,23,Summer,B,4,M,30,H,100,3,15,6,Yes,Above HSC,M
F,Bangladesh,Cumilla,SWE,21,Summer,B,3.95,H,20,M,90,3,60,6,Yes,Above HSC,M
M,Bangladesh,Narayanganj,SWE,28,Summer,C,2.69,M,10,M,14,2,4,4,Yes,HSC,L
M,Bangladesh,Sylhet,SWE,30,Spring,E,2.13,M,1,M,11,2,1,20,Yes,HSC,L
M,Bangladesh,Sylhet,SWE,28,Spring,C,2.93,L,15,M,120,3,10,15,Yes,Above HSC,L
F,Bangladesh,Dhaka,SWE,28,Summer,B,3.56,M,15,M,15,3,3,2,Yes,Above HSC,M
M,Bangladesh,Sirajgonj,SWE,28,Summer,D,3.88,M,50,H,120,0,25,0,Yes,Above HSC,H
M,Bangladesh,Naogaon,SWE,28,Summer,C,3.15,M,20,M,20,2,24,1,Yes,SSC,M
M,Bangladesh,Dhaka,SWE,28,Spring,D,3.58,M,40,M,20,3,15,0,Yes,Above HSC,M
M,Bangladesh,Narail,SWE,19,Summer,B,3.25,M,30,M,19,1,10,4,Yes,Above HSC,M
F,Bangladesh,Manikgonj,SWE,18,Fall,C,2.77,L,5,L,18,5,6,8,Yes,Above HSC,L
F,Bangladesh,Hobiganj,SWE,23,Spring,E,2.65,M,8,M,16,0,10,0,No,Above HSC,M
F,Bangladesh,Tangail,SWE,15,Summer,B,2.55,M,22,M,16,1,4,5,Yes,Above HSC,L
F,Bangladesh,Maymensingh,SWE,28,Summer,C,3.55,M,30,M,100,0,30,19,Yes,Above HSC,L
M,Bangladesh,Chandpur,CSE,38,Summer,I,3.75,M,25,M,25,3,3,2,Yes,Above HSC,M
M,Bangladesh,Barisal,SWE,19,Summer,C,3,M,6,M,15,5,7,6,Yes,Above HSC,L
M,Bangladesh,Chittagong,CSE,46,Summer,n,3.77,L,3,M,120,1,50,10,Yes,SSC,M
M,Bangladesh,Dhaka,CSE,43,Summer,H,3.41,M,20,M,60,3,50,7,No,HSC,M
M,Bangladesh,Jhenaidah ,CSE,46,Summer,R,3.59,M,25,M,110,5,30,3,Yes,SSC,H
M,Bangladesh,Sylhet,CSE,20,Summer,A,3.5,M,40,M,40,1,20,0,Yes,Above HSC,H
M,Bangladesh,Kulaura,SWE,16,Spring,A,3.5,M,20,M,30,0,30,9,Yes,Above HSC,L
M,Bangladesh,Sylhet,SWE,17,Summer,A,3.43,H,30,L,10,2,2,15,Yes,HSC,L
M,Bangladesh,Dhaka,SWE,18,Fall,B,3.25,H,10,H,10,0,10,20,Yes,Above HSC,L
M,Bangladesh,Noakhali,CSE,46,Summer,N,3.16,H,50,L,12,5,2,3,Yes,Above HSC,L
F,Bangladesh,Dhaka,SWE,16,Spring,B,3.2,M,25,H,14,7,12,5,Yes,Above HSC,L
M,Bangladesh,Cumilla,CSE,44,Summer,H,4,H,50,M,20,1,7,0,Yes,HSC,M
M,Bangladesh,Satkhira ,CSE,44,Summer,H,3.38,M,5,M,10,1,0,2,No,Above HSC,L
M,Bangladesh,Jamalpur,CSE,38,Summer,H,3.02,M,15,M,36,1,12,13,Yes,Above HSC,L
M,Bangladesh,Madaripur,SWE,16,Spring,C,4,H,20,M,30,3,10,4,Yes,Above HSC,M
M,Bangladesh,Kishoreganj,SWE,17,Summer,C,3.8,M,15,L,10,1,9,15,Yes,Above HSC,L
M,Bangladesh,Dhaka,SWE,18,Summer,B,3.23,L,10,L,18,1,0,10,Yes,Above HSC,L
M,Bangladesh,Cumilla,SWE,19,Fall,B,3.5,L,13,M,15,1,0,10,Yes,Above HSC,L
M,Bangladesh,Brahmanbariya,SWE,20,Spring,B,3.33,L,8,L,18,1,2,8,Yes,Above HSC,L
M,Bangladesh,Soriatpur,SWE,20,Summer,A,3.41,M,10,M,12,1,6,4,Yes,Above HSC,L
M,Bangladesh,Faridpur,SWE,21,Fall,A,3.6,M,15,M,20,2,8,6,Yes,SSC,L
M,Bangladesh,Narayanganj,SWE,22,Summer,A,3.81,H,30,M,40,3,20,3,Yes,SSC,M
M,Bangladesh,Narayanganj,SWE,23,Fall,A,3.7,H,20,M,26,3,12,4,No,HSC,M
M,Bangladesh,Narayanganj,SWE,24,Spring,A,3.23,M,21,M,30,3,16,12,Yes,Above HSC,L
M,Bangladesh,Narayanganj,SWE,25,Summer,B,3.66,H,30,M,40,4,22,8,Yes,Above HSC,M
M,Bangladesh,Rajshahi,CSE,46,Summer,N,3.39,M,50,H,80,5,50,5,Yes,SSC,M
M,Bangladesh,Hobiganj,SWE,19,Spring,b,2.83,M,10,H,20,1,15,11,Yes,SSC,L
F,Bangladesh,Noakhali,CSE,44,Summer,H,3.62,M,20,M,20,5,15,2,No,Above HSC,M
M,Bangladesh,Dhaka ,CSE,16,Fall,A,3.75,L,30,H,60,5,5,2,Yes,Above HSC,H
M,Bangladesh,Chittagong,SWE,17,Fall,B,3.7,L,33,H,70,3,2,2,Yes,Above HSC,H
M,Bangladesh,Tangail ,SWE,18,Summer,B,2.85,H,50,M,20,5,0,18,Yes,Above HSC,L
M,Bangladesh,Madaripur ,SWE,19,Summer,B,3.83,M,25,M,30,2,3,3,Yes,SSC,M
M,Bangladesh,Sirajgonj,CSE,46,Summer,D,3.88,H,16,H,105,1,10,0,Yes,Above HSC,H
F,Bangladesh,Chuadanga ,SWE,18,Fall,A,3.33,M,8,M,10,3,10,8,Yes,Above HSC,L
M,Bangladesh,Cumilla,SWE,18,Summer,A,3.19,M,10,M,20,1,10,9,Yes,SSC,L
M,Bangladesh,Cumilla,SWE,19,Summer,B,3.75,M,15,H,112,5,50,5,Yes,HSC,H
M,Bangladesh,Laxmipur,SWE,19,Summer,A,3.77,M,50,M,12,2,3,2,Yes,Above HSC,M
F,Bangladesh,Mymensingh ,SWE,18,Summer,A,2.8,M,50,M,12,2,0,17,No,Above HSC,L
M,Bangladesh,Narayanganj,SWE,18,Spring,A,3.31,M,13,M,30,5,30,14,Yes,SSC,L
M,Bangladesh,Cumilla,SWE,18,Spring,A,2.98,M,18,M,34,3,14,4,Yes,Above HSC,M
M,Bangladesh,Dhaka,SWE,12,Spring,A,3.88,L,2,L,13,2,5,4,Yes,HSC,L
M,Bangladesh,Dhaka,SWE,12,Spring,A,3.88,L,2,L,13,2,5,4,Yes,HSC,L
M,Bangladesh,Dhaka,SWE,12,Spring,A,3.88,L,2,L,13,2,5,4,Yes,HSC,L
M,Bangladesh,Rangpur,SWE,18,Spring,A,4,H,40,M,20,4,4,1,No,Above HSC,M
M,Nigeria,Dhaka,MCT,2,Summer,B,3.33,H,22,M,16,4,4,3,No,Above HSC,M
M,Bangladesh,Dhaka,MCT,4,Summer,B,2.22,H,11,L,34,4,34,4,Yes,SSC,M
F,Nigeria,Dhaka,ESDM,3,Fall,B,3.4,M,4,M,14,3,8,9,No,HSC,L
F,Nigeria,Dhaka,SWE,4,Spring,B,3.44,M,4,H,14,4,4,4,Yes,SSC,L
M,Bangladesh,Dhaka,ESDM,3,Spring,B,3,M,33,M,33,3,3,3,Yes,Above HSC,M
M,Bangladesh,Chittagong,SWE,22,Spring,A,3.4,L,22,M,34,1,12,12,No,HSC,L
F,Nigeria,Chittagong,ESDM,32,Fall,A,3.43,M,23,H,23,5,13,2,Yes,HSC,M
M,Nigeria,Chittagong,ESDM,2,Summer,A,2.3,L,22,H,22,4,12,18,No,HSC,L
M,Bangladesh,Chittagong,ESDM,21,Fall,A,3.31,L,11,L,11,2,8,19,No,HSC,L
M,Nigeria,Chittagong,ESDM,44,Summer,A,3.44,M,44,M,22,4,2,3,Yes,SSC,M
M,Bangladesh,Chittagong,ESDM,2,Summer,A,2.66,H,2,H,12,2,2,2,No,Above HSC,L
M,Bangladesh,Chittagong,ESDM,32,Summer,A,23,H,32,H,32,5,3,17,No,Above HSC,L
M,Bangladesh,Chittagong,SWE,11,Summer,A,2.22,M,32,H,32,5,22,20,Yes,Above HSC,L
M,Bangladesh,Chittagong,MCT,2,Fall,T,2.1,M,22,M,22,4,14,3,No,HSC,L
M,Nigeria,Rajshahi,MCT,3,Summer,T,2.44,M,22,L,12,4,8,5,Yes,HSC,L
F,Bangladesh,Chittagong,ESDM,33,Spring,T,3.33,L,33,H,22,4,12,2,Yes,Above HSC,M
F,Bangladesh,Chittagong,ESDM,3,Summer,T,3.33,M,33,M,33,6,16,6,No,HSC,M
M,Bangladesh,Chittagong,ESDM,33,Summer,T,3.55,M,34,M,13,3,5,2,Yes,SSC,M
M,Bangladesh,Maymensingh,CSE,16,Spring,B,3.56,M,25,M,15,5,3,14,Yes,Above HSC,L
M,Bangladesh,Dhaka,ESDM,8,Spring,T,3.68,M,20,M,18,3,4,8,Yes,Above HSC,L
M,Bangladesh,Maymensingh,CSE,41,Spring,A,3,L,10,M,13,0,10,2,No,Above HSC,L
M,Bangladesh,Chandpur,SWE,26,Summer,A,3.06,M,20,L,13,3,0,2,No,Above HSC,L
F,Bangladesh,Feni ,ESDM,17,Summer,G,3.3,M,35,M,40,3,5,5,No,Above HSC,M
F,Bangladesh,Feni ,ESDM,17,Summer,G,3.3,M,40,M,40,3,5,5,No,Above HSC,M
M,Bangladesh,Noakhali ,CSE,16,Fall,B,3.8,H,50,H,70,7,10,1,Yes,Above HSC,H
M,Bangladesh,Sylhet,CSE,18,Fall,A,3.9,H,60,H,80,1,20,2,Yes,HSC,H
M,Bangladesh,Tangail,CSE,39,Spring,C,3.44,L,20,L,15,5,2,15,Yes,Above HSC,L
F,Bangladesh,Tangail,CSE,33,Spring,B,3.88,M,33,M,17,6,5,8,No,Above HSC,L
M,Bangladesh,Maymensingh,SWE,20,Fall,A,3.6,M,15,M,15,1,5,10,Yes,Above HSC,L
M,Bangladesh,Sylhet,SWE,19,Summer,B,3.42,M,20,M,20,1,5,2,Yes,HSC,L
F,Bangladesh,Sirajgonj,SWE,16,Fall,C,3.23,M,12,M,20,3,12,2,Yes,HSC,M
F,Bangladesh,Gazipur,SWE,16,Summer,G,2.75,L,2,L,18,1,2,6,Yes,HSC,L
F,Bangladesh,Tangail,SWE,18,Summer,A,4,H,19,M,19,1,0,7,Yes,Above HSC,L
F,Bangladesh,Tangail,SWE,17,Summer,H,3.75,M,20,M,18,2,5,5,No,Above HSC,L
F,Bangladesh,Munshiganj,SWE,16,Summer,H,3.64,M,21,M,22,1,10,8,Yes,HSC,L
F,Bangladesh,Sirajgonj,SWE,15,Fall,H,3.85,M,25,M,50,4,12,6,Yes,Above HSC,M
F,Bangladesh,Dhaka,SWE,15,Spring,H,3.33,M,20,M,45,3,16,6,No,Above HSC,M
F,Bangladesh,Dhaka,SWE,18,Summer,B,3,M,2,M,17,2,2,4,No,Above HSC,L
F,Bangladesh,Dinajpur,SWE,18,Spring,B,4,M,5,M,17,3,2,2,Yes,Above HSC,L
F,Bangladesh,Panchagarh,SWE,18,Spring,B,3,M,2,M,15,2,2,4,Yes,Above HSC,L
F,Bangladesh,Dinajpur,SWE,18,Spring,A,3,M,3,M,14,2,2,3,No,Above HSC,L
F,Bangladesh,Dhaka,SWE,17,Summer,A,3,M,2,M,14,3,2,5,Yes,Above HSC,L
F,Bangladesh,Panchagarh,SWE,18,Spring,A,3,M,2,M,14,2,2,4,Yes,Above HSC,L
F,Bangladesh,Madaripur ,SWE,18,Spring,A,3.6,M,2,M,15,2,2,2,Yes,Above HSC,M
M,Bangladesh,Narsingdi,SWE,28,Summer,C,3.5,H,30,M,15,2,4,2,Yes,SSC,M
M,Bangladesh,Daudkandi,SWE,28,Summer,b,2.9,M,8,M,40,2,18,7,No,Above HSC,M
M,Bangladesh,Cumilla ,MCT,37,Fall,F,3.14,M,26,H,45,4,35,3,Yes,Above HSC,M
M,Bangladesh,Rajshahi,CSE,45,Summer,F,3.04,M,28,M,15,5,10,4,Yes,Above HSC,L
F,Bangladesh,Rangpur,ESDM,37,Summer,F,2.42,L,15,L,36,1,8,9,No,Above HSC,M
M,Bangladesh,Barisal,ESDM,36,Fall,A,2.96,M,15,M,39,2,24,3,No,SSC,M
M,Bangladesh,Savar,ESDM,36,Fall,B,2.76,M,30,M,35,4,30,2,Yes,HSC,H
M,Bangladesh,Narayanganj,ESDM,35,Summer,C,2.42,L,12,L,42,7,19,4,Yes,HSC,M
M,Bangladesh,Chittagong,ESDM,34,Summer,D,3.14,H,35,M,48,4,36,7,Yes,Above HSC,M
M,Bangladesh,Dhaka,MCT,20,Fall,B,2.58,L,5,L,15,2,12,5,No,HSC,L
M,Bangladesh,Munshiganj,SWE,17,Fall,A,2.75,L,10,L,20,1,4,5,No,Above HSC,L
M,Bangladesh,Cumilla,SWE,17,Summer,C,3.23,M,25,M,40,1,10,2,Yes,Above HSC,H
F,Bangladesh,Dhaka,SWE,28,Summer,D,4,H,30,M,3,1,3,0,Yes,Above HSC,L
M,Bangladesh,Joypurhat ,SWE,25,Summer,B,3.5,M,20,M,10,2,6,11,Yes,SSC,L
M,Bangladesh,Jessore,SWE,25,Summer,B,2.19,M,10,M,30,6,10,16,Yes,Above HSC,L
M,Bangladesh,Jessore ,SWE,25,Summer,B,3,M,25,M,30,2,6,16,Yes,HSC,L
M,Bangladesh,Rangpur,SWE,25,Summer,B,3.77,M,20,M,60,1,4,2,Yes,Above HSC,H
M,Bangladesh,Dhaka,SWE,25,Summer,B,3,M,20,M,10,0,10,18,Yes,Above HSC,L
M,Bangladesh,KuriGram,SWE,25,Summer,B,2.9,M,30,M,15,6,10,14,Yes,HSC,L
M,Bangladesh,Dhaka,SWE,25,Summer,B,3.91,M,25,H,100,5,98,2,Yes,Above HSC,H
M,Bangladesh,Jessore,SWE,25,Summer,B,2.83,M,25,M,10,7,2,5,Yes,Above HSC,L
F,Bangladesh,Cumilla,SWE,25,Summer,B,2.28,M,15,M,20,2,4,3,No,Above HSC,M
M,Bangladesh,Rajshahi,SWE,25,Summer,B,3.5,M,30,M,20,2,10,2,No,Above HSC,M
M,Bangladesh,Rajshahi,SWE,25,Summer,B,3.54,M,15,M,60,3,5,2,Yes,Above HSC,H
M,Bangladesh,Noakhali,SWE,25,Summer,B,3.42,M,15,M,60,2,7,2,Yes,Above HSC,M
M,Bangladesh,Rangpur,SWE,25,Summer,B,2.83,M,35,M,15,2,4,4,No,Above HSC,L
M,Bangladesh,Dhaka,SWE,25,Summer,B,2.33,L,20,M,13,4,3,1,Yes,Above HSC,M
M,Bangladesh,Rangpur,SWE,25,Summer,B,2.5,M,1,M,10,6,2,2,No,Above HSC,L
M,Bangladesh,Noakhali ,SWE,25,Summer,B,3.5,M,25,M,30,0,0,16,Yes,Above HSC,L
F,Bangladesh,Panchagarh,SWE,25,Summer,B,3.42,M,15,M,30,4,20,5,Yes,Above HSC,M
F,Bangladesh,Madaripur,SWE,25,Summer,B,4,M,25,M,45,2,8,2,Yes,SSC,M
F,Bangladesh,Joypurhut,SWE,25,Summer,B,3.25,M,22,M,23,2,7,2,No,Above HSC,M
M,Bangladesh,Brahmanbariya,SWE,25,Summer,B,3.5,M,30,M,20,3,10,2,No,Above HSC,M
F,Bangladesh,Gaibandha,SWE,25,Summer,B,3.94,M,20,H,40,1,6,3,Yes,Above HSC,M
M,Bangladesh,Dhaka,SWE,25,Summer,B,3.19,M,5,L,10,0,0,3,Yes,Above HSC,L
F,Bangladesh,Dhaka,SWE,25,Summer,B,3.54,M,15,M,13,3,2,2,No,Above HSC,L
F,Bangladesh,Thakurgaon ,SWE,25,Summer,B,3.95,M,20,M,35,2,10,5,Yes,Above HSC,M
F,Bangladesh,Dhaka,SWE,25,Summer,B,3.67,M,20,M,10,1,2,5,Yes,Above HSC,L
F,Bangladesh,Chandpur,SWE,25,Summer,B,2.75,M,25,M,10,3,3,5,No,Above HSC,L
M,Bangladesh,Pabna,SWE,28,Spring,b,3.35,M,15,M,20,3,3,2,Yes,Above HSC,M
F,Bangladesh,Kishoreganj,SWE,25,Summer,B,2.88,M,10,M,30,2,5,1,No,Above HSC,M
F,Bangladesh,Joypurhat,SWE,25,Summer,B,2.97,M,17,M,45,8,7,2,Yes,HSC,H
F,Bangladesh,Jashore,SWE,26,Summer,A,4,M,30,M,120,2,5,3,Yes,Above HSC,H
M,Bangladesh,Faridpur,SWE,26,Summer,A,3.88,M,29,M,115,5,5,9,Yes,Above HSC,M
M,Bangladesh,Savar,SWE,26,Summer,A,3.37,M,15,M,30,1,10,5,Yes,Above HSC,M
M,Bangladesh,Noagoan,SWE,26,Summer,A,2.92,M,15,M,20,1,9,6,Yes,Above HSC,L
M,Bangladesh,Pabna,SWE,26,Summer,A,3.77,M,22,H,111,2,21,9,Yes,HSC,M
M,Bangladesh,Cumilla,SWE,26,Summer,A,3.08,L,17,L,40,2,7,17,Yes,Above HSC,L
M,Bangladesh,Barisal ,SWE,26,Summer,A,3.17,M,20,M,40,2,10,7,Yes,Above HSC,M
M,Bangladesh,Dhaka,SWE,26,Summer,A,3.06,M,20,M,50,3,10,5,No,Above HSC,M
M,Bangladesh,Chandpur,SWE,26,Summer,A,2.38,L,6,L,30,2,2,3,No,HSC,M
F,Bangladesh,Dhaka,SWE,26,Summer,A,2.6,M,20,M,64,5,5,8,No,HSC,M
M,Bangladesh,Rangpur,SWE,26,Summer,A,3.58,M,6,M,50,0,10,3,Yes,Above HSC,M
M,Bangladesh,Dhaka,SWE,26,Summer,A,2.87,M,20,M,27,5,10,2,Yes,SSC,M
M,Bangladesh,Maymensingh,SWE,26,Summer,A,3.33,M,20,M,20,4,8,8,No,Above HSC,L
M,Bangladesh,Maymensingh,SWE,26,Summer,A,2.69,M,20,M,30,1,3,6,Yes,Above HSC,M
M,Bangladesh,Rangpur,SWE,26,Summer,A,2.75,M,21,M,30,4,4,3,Yes,SSC,M
M,Bangladesh,Dhaka,SWE,26,Summer,A,2.6,L,13,M,36,3,1,3,Yes,SSC,M
M,Bangladesh,Jessore,SWE,26,Summer,A,2.81,L,10,L,30,3,0,14,No,Above HSC,L
M,Bangladesh,Cumilla,SWE,26,Summer,A,3.25,M,30,M,35,1,7,2,Yes,HSC,M
M,Bangladesh,Maymensingh,SWE,26,Summer,B,3.69,M,15,M,30,3,4,11,Yes,Above HSC,L
M,Bangladesh,Jessore,SWE,26,Summer,A,4,L,10,H,28,2,15,12,Yes,Above HSC,L
M,Bangladesh,Barishal,SWE,26,Summer,A,4,M,15,M,12,5,10,2,Yes,Above HSC,L
M,Bangladesh,Rangpur,SWE,26,Summer,A,3.42,M,25,M,40,3,11,7,Yes,HSC,M
M,Bangladesh,Jessore,SWE,26,Summer,A,2.65,L,6,M,24,1,4,7,Yes,Above HSC,L
M,Bangladesh,Chandpur,SWE,26,Summer,A,3.23,L,10,H,55,4,21,2,Yes,Above HSC,H
F,Bangladesh,Dhaka,SWE,26,Summer,B,4,H,40,L,50,3,25,3,No,Above HSC,H
M,Bangladesh,Dhaka,SWE,28,Summer,B,3.48,M,50,M,50,2,30,3,Yes,Above HSC,H
